index,facebook,instagram,twitter,linkedin,emails
1.0,,,,,['treeserviceisaac@gmail.com']
3.0,,,,,['octreeservices1@gmail.com']
4.0,https://www.facebook.com/pg/Tip-Top-Arborists-Inc-608355719230396/reviews/,https://www.instagram.com/tip_top_arborists/,,https://www.linkedin.com/company/tip-top-arborists,['privacy@reachlocal.com.']
5.0,https://www.facebook.com/arborworks1/,https://www.instagram.com/arborworksllc/,,https://www.linkedin.com/company/arborworksinc,['information@arborworksinc.com']
6.0,https://www.facebook.com/Clarkscustomtreeworks/,,,,"['your@email.com', 'rodney@treetrimmingmodestoca.com']"
7.0,https://www.facebook.com/510799tree/,,,,['info@herculestreeservice.com']
8.0,,,,,['petersonstrees@icloud.com']
11.0,https://www.facebook.com/samcolemanluxury,https://www.instagram.com/samcolemanluxury/,,,['office@caltreeservice.com']
12.0,https://www.facebook.com/pg/TomDayTreeService/reviews/,,,,[]
14.0,https://www.facebook.com/MonsteroftheCoast/,https://www.instagram.com/monsterofthecoast/,,,[]
15.0,https://www.facebook.com/Monster-Tree-Service-of-South-Bay-1088163361240866/,https://www.instagram.com/monstertreeservices/,,,[]
18.0,https://www.facebook.com/DaveyTree,https://instagram.com/DaveyTree/,https://twitter.com/DaveyTree,http://www.linkedin.com/company/the-davey-tree-expert-company,[]
19.0,https://www.facebook.com/WestCoastArborists/,https://www.instagram.com/wcainc/,,https://www.linkedin.com/company/west-coast-arborists-inc-,"['corporate@wcainc.com', 'wcahiring@wcainc.com']"
20.0,https://www.facebook.com/TreeServiceJP/,,,,[]
21.0,https://www.facebook.com/fallenleaftreemanagement,,https://twitter.com/FallenLeafTree,,[]
22.0,https://www.facebook.com/traversotree,https://www.instagram.com/traversotree/?hl=en,,https://www.linkedin.com/pub/traverso-tree-service/38/6a3/a40,"['office@traversotree.com', 'Office@traversotree.com']"
23.0,http://www.facebook.com/BigTsTrees,,,,"['bigtstrees@yahoo.com', 'igtstrees@yahoo.com', '605a7baede844d278b89dc95ae0a9123@sentry-next.wixpress.com', '831126cb46b74583bf6f72c5061cba9d@sentry-viewer.wixpress.com']"
24.0,https://www.facebook.com/DaveyTree,https://instagram.com/DaveyTree/,https://twitter.com/DaveyTree,http://www.linkedin.com/company/the-davey-tree-expert-company,[]
25.0,https://www.facebook.com/106157038650413,,,,['filler@godaddy.com']
26.0,https://www.facebook.com/Sequoias-Tree-Service-104264014496885/,,,,['evencio.martinez@yahoo.com']
27.0,https://www.facebook.com/pg/Monster-Tree-Service-of-West-Valley-1287919078019258/,https://www.instagram.com/monstertreeservices/,https://twitter.com/,,[]
28.0,,,,,['ContactUs@specializedtreeworks.com']
29.0,https://www.facebook.com/losangelescatreeservice/,,,,"['u003Elosangelescatreeservice@gmail.com', 'losangelescatreeservice@gmail.com']"
31.0,https://facebook.com/topestreeservice,https://instagram.com/topestreeserviceinc/,,,"['your@email.com', 'info@topestreeservice.com']"
32.0,,,,,['info@californiagreentreecare.com']
33.0,https://www.facebook.com/Forrest-Tree-Service-912274625521872/,,https://twitter.com/,,['forresttreeservice@hotmail.com']
34.0,https://www.facebook.com/allgreentreeserviceca/,https://www.instagram.com/allgreentreeserviceca/,,,['allgreentreeservice.1@gmail.com']
35.0,https://www.facebook.com/Bay-Area-Tree-Specialists-658134177581480/?timeline_context_item_type=intro_card_work&timeline_context_item_source=100007956785104,,https://twitter.com/TreesSpecialist,,[]
36.0,,,,,['blackbeartreeservice559@gmail.com']
37.0,https://www.facebook.com/Jesus-Tree-Services-Landscaping-104850001236628,,,,['jesusjgr1987@gmail.com']
38.0,https://www.facebook.com/foresttreeservices,,,https://www.linkedin.com/company/forest-tree-services/about/,['info@foresttreeservices.com']
39.0,,,,,[]
40.0,https://www.facebook.com/DaveyTree,https://instagram.com/DaveyTree/,https://twitter.com/DaveyTree,http://www.linkedin.com/company/the-davey-tree-expert-company,[]
42.0,https://www.facebook.com/DaveyTree,https://instagram.com/DaveyTree/,https://twitter.com/DaveyTree,http://www.linkedin.com/company/the-davey-tree-expert-company,[]
43.0,https://www.facebook.com/CW-Tree-Landscape-Co-106657641966896,,,,"['your@email.com', 'cwtreelandscape@yahoo.com']"
44.0,https://www.facebook.com/Jose-Martinez-Tree-Service-Inc-596583343858969,,https://twitter.com/JoseMartinezT34,,[]
45.0,https://facebook.com/TravisTreeServices,,,,"['travishensley85@yahoo.com', 'your@email.com']"
46.0,https://facebook.com/TravisTreeServices,,,,"['travishensley85@yahoo.com', 'your@email.com']"
47.0,https://www.facebook.com/profile.php?id=100071969492853,https://www.instagram.com/shipmantreeservice559/,,,"['dillanmcather@gmail.com', 'sales@shipmantree.com']"
48.0,,,,,[]
49.0,https://www.facebook.com/mowbraystree,https://www.instagram.com/mowbrays/,,,"['info@mowbrays.com', 'customerservice@mowbrays.com']"
50.0,https://www.facebook.com/commercialtreeservices,,,,[]
51.0,https://www.facebook.com/ImageTreeService/,https://www.instagram.com/imagetreeservice/,,,['info@imagetreeservice.com']
53.0,https://www.facebook.com/DaveyTree,https://instagram.com/DaveyTree/,https://twitter.com/DaveyTree,http://www.linkedin.com/company/the-davey-tree-expert-company,[]
54.0,https://www.facebook.com/DaveyTree,https://instagram.com/DaveyTree/,https://twitter.com/DaveyTree,http://www.linkedin.com/company/the-davey-tree-expert-company,[]
55.0,https://facebook.com/A-CLEAN-CUT-TREE-SERVICE-120174881332515/,http://instagram.com/,,,"['acleancut559@gmail.com', 'sagariballa1@aol.com']"
56.0,,,,,['your@email.com']
58.0,https://www.facebook.com/eddie.farquharson,,,,[]
59.0,,,https://twitter.com/calrootstree,,['calroots@outlook.com']
61.0,https://www.facebook.com/corteztreecare/,http://instagram.com/corteztreecare,https://twitter.com/corteztreecare1,,[]
62.0,,,,,[]
63.0,https://www.facebook.com/A1treeredding/,,,,"['Office@a1treeredding.com', 'office@a1treeredding.com']"
64.0,,,,,"['fred@richardstree.com', 'info@richardstree.com']"
65.0,,,,,"['fred@richardstree.com', 'info@richardstree.com']"
66.0,,,,,['d.protreeservice@gmail.com']
67.0,https://www.facebook.com/AtlasTreeSurgery,https://www.instagram.com/atlas.tree/,https://twitter.com/atlas_and,https://www.linkedin.com/company/atlas-tree-landscape-inc/about/,[]
71.0,https://www.facebook.com/abotreeservice,,https://twitter.com/abotreeservice,https://www.linkedin.com/in/abotreeservice,"['operation@abotreeservice.com', 'krasimira.stoyanova@deluxe.com', 'info@abotreeservice.com']"
73.0,,,,,[]
74.0,https://www.facebook.com/whittiertree/,,https://twitter.com/ServicWilliams,,['wtreedude@aol.com']
78.0,https://www.facebook.com/Tree-Service-Antioch-103898468496335/,https://www.instagram.com/treeserviceantioch/,https://twitter.com/AntiochTree,,['treeserviceantioch@gmail.com']
79.0,https://www.facebook.com/Rancho-Tree-Service-109046575024387,https://www.instagram.com/ranchotreeservice/,https://twitter.com/RanchoTree,https://www.linkedin.com/company/rancho-inc-california/,['info@ranchotreeservice.com']
81.0,https://www.facebook.com/pages/category/Shopping---Retail/Jts-Inc-510518789043998/,,,,[]
82.0,https://www.facebook.com/pages/category/Shopping---Retail/Jts-Inc-510518789043998/,,,,[]
83.0,,,,,['treepro.office@gmail.com']
84.0,,,,,[]
85.0,,,,,[]
86.0,,,,,[]
87.0,,,,,[]
88.0,https://www.facebook.com/Adams-Tree-Service-1566642230319508,,,,[]
89.0,https://www.facebook.com/elementstreeservice/,https://www.instagram.com/elementstreeservice/,,,['4elements.tree@gmail.com']
90.0,,,,,[]
91.0,https://facebook.com/Atlas-Tree-Service-154491755177249,,,,"['your@email.com', 'atlastreeservice@atlastreeservice.com']"
95.0,https://www.facebook.com/Alpen-Tree-Experts-296764412428/,http://www.instagram.com/alpentreeexperts,,,['alpentree@gmail.com']
96.0,https://www.facebook.com/Alpen-Tree-Experts-296764412428/,http://www.instagram.com/alpentreeexperts,,,['alpentree@gmail.com']
97.0,https://www.facebook.com/Alpen-Tree-Experts-296764412428/,http://www.instagram.com/alpentreeexperts,,,['alpentree@gmail.com']
98.0,https://www.facebook.com/pg/greenzway,https://www.instagram.com/greenzway_official,,,"['Greenzway@hotmail.com', 'greenzway@hotmail.com']"
99.0,,,,,['steves8733@gmail.com']
100.0,N/A,N/A,N/A,N/A,[]
